test_folder,test_filename,top_similar_predict,similarity_score,plot_path
헬로카봇_X_라이프_X,thunder_0601.webp,헬로카봇_X_라이프_X,0.7838737964630127,results\ViT_H_14\헬로카봇_X_라이프_X_thunder_0601_webp_similarity.png
헬로카봇_[한정판]_크리스탈카봇_스톰_X,thunder_0752.webp,헬로카봇_모_반,0.769952118396759,results\ViT_H_14\헬로카봇_[한정판]_크리스탈카봇_스톰_X_thunder_0752_webp_similarity.png
헬로카봇_고스트체이서_트루,thunder_0149.webp,헬로카봇_미니_트루,0.8029006719589233,results\ViT_H_14\헬로카봇_고스트체이서_트루_thunder_0149_webp_similarity.png
헬로카봇_고스트체이서_트루,thunder_0775.webp,헬로카봇_우가바,0.7784234285354614,results\ViT_H_14\헬로카봇_고스트체이서_트루_thunder_0775_webp_similarity.png
헬로카봇_고스트체이서_트루,thunder_0776.webp,헬로카봇_미니_트루,0.795960545539856,results\ViT_H_14\헬로카봇_고스트체이서_트루_thunder_0776_webp_similarity.png
헬로카봇_고스트체이서_트루,thunder_0997.webp,헬로카봇_우가바,0.7903097867965698,results\ViT_H_14\헬로카봇_고스트체이서_트루_thunder_0997_webp_similarity.png
헬로카봇_골드렉스_레스큐_올스타,thunder_1149.webp,헬로카봇_골드렉스_레스큐_올스타,0.8192473649978638,results\ViT_H_14\헬로카봇_골드렉스_레스큐_올스타_thunder_1149_webp_similarity.png
헬로카봇_골드렉스레스큐,thunder_0755.webp,헬로카봇_골드렉스_레스큐_올스타,0.8110290765762329,results\ViT_H_14\헬로카봇_골드렉스레스큐_thunder_0755_webp_similarity.png
헬로카봇_골드렉스레스큐,thunder_0972.webp,헬로카봇_골드렉스_레스큐_올스타,0.8154894113540649,results\ViT_H_14\헬로카봇_골드렉스레스큐_thunder_0972_webp_similarity.png
헬로카봇_그랜저_호크_블루,thunder_0957.webp,헬로카봇_그랜저_호크_블루,0.8186982870101929,results\ViT_H_14\헬로카봇_그랜저_호크_블루_thunder_0957_webp_similarity.png
헬로카봇_그랜저_호크_블루,thunder_1385.webp,헬로카봇_그랜저_호크_블루,0.8296704292297363,results\ViT_H_14\헬로카봇_그랜저_호크_블루_thunder_1385_webp_similarity.png
헬로카봇_극장판_그린팜,thunder_0344.webp,헬로카봇_극장판_그린팜,0.8401974439620972,results\ViT_H_14\헬로카봇_극장판_그린팜_thunder_0344_webp_similarity.png
헬로카봇_극장판_티라이오,thunder_0022.webp,헬로카봇_극장판_티라이오,0.8311848044395447,results\ViT_H_14\헬로카봇_극장판_티라이오_thunder_0022_webp_similarity.png
헬로카봇_극장판_티라이오,thunder_0329.webp,헬로카봇_극장판_티라이오,0.8120813369750977,results\ViT_H_14\헬로카봇_극장판_티라이오_thunder_0329_webp_similarity.png
헬로카봇_극장판_티라이오,thunder_1025.webp,헬로카봇_극장판_티라이오,0.8143601417541504,results\ViT_H_14\헬로카봇_극장판_티라이오_thunder_1025_webp_similarity.png
헬로카봇_극장판_티라이오,thunder_1088.webp,헬로카봇_극장판_티라이오,0.7917007207870483,results\ViT_H_14\헬로카봇_극장판_티라이오_thunder_1088_webp_similarity.png
헬로카봇_극장판_파워크루저,thunder_0816.webp,헬로카봇_극장판_파워크루저,0.8430782556533813,results\ViT_H_14\헬로카봇_극장판_파워크루저_thunder_0816_webp_similarity.png
헬로카봇_나이트,thunder_0893.webp,헬로카봇_나이트,0.8353797793388367,results\ViT_H_14\헬로카봇_나이트_thunder_0893_webp_similarity.png
헬로카봇_나이트,thunder_0958.webp,헬로카봇_미니_나이트,0.8404149413108826,results\ViT_H_14\헬로카봇_나이트_thunder_0958_webp_similarity.png
헬로카봇_나이트,thunder_1041.webp,헬로카봇_우가바,0.8275401592254639,results\ViT_H_14\헬로카봇_나이트_thunder_1041_webp_similarity.png
헬로카봇_나이트,thunder_1071.webp,헬로카봇_미니_에이스_레스큐_X,0.8064284324645996,results\ViT_H_14\헬로카봇_나이트_thunder_1071_webp_similarity.png
헬로카봇_나이트,thunder_1115.webp,헬로카봇_우가바,0.8495205640792847,results\ViT_H_14\헬로카봇_나이트_thunder_1115_webp_similarity.png
헬로카봇_나이트,thunder_1246.webp,헬로카봇_나이트,0.8293013572692871,results\ViT_H_14\헬로카봇_나이트_thunder_1246_webp_similarity.png
헬로카봇_다이어EX,thunder_0942.webp,헬로카봇_다이어EX,0.806432843208313,results\ViT_H_14\헬로카봇_다이어EX_thunder_0942_webp_similarity.png
헬로카봇_다이어EX,thunder_1029.webp,헬로카봇_우가바,0.8254520297050476,results\ViT_H_14\헬로카봇_다이어EX_thunder_1029_webp_similarity.png
헬로카봇_댄디,thunder_0456.webp,헬로카봇_스타렉스_댄디,0.820328950881958,results\ViT_H_14\헬로카봇_댄디_thunder_0456_webp_similarity.png
헬로카봇_댄디,thunder_0812.webp,헬로카봇_스타렉스_댄디,0.8298195600509644,results\ViT_H_14\헬로카봇_댄디_thunder_0812_webp_similarity.png
헬로카봇_댄디,thunder_1185.webp,헬로카봇_스타렉스_댄디,0.8265725374221802,results\ViT_H_14\헬로카봇_댄디_thunder_1185_webp_similarity.png
헬로카봇_듀크_포크레인,thunder_1183.webp,헬로카봇_듀크_포크레인,0.7820380926132202,results\ViT_H_14\헬로카봇_듀크_포크레인_thunder_1183_webp_similarity.png
헬로카봇_드라고닉스,thunder_0168.webp,헬로카봇_드라고닉스,0.8327261209487915,results\ViT_H_14\헬로카봇_드라고닉스_thunder_0168_webp_similarity.png
헬로카봇_드라고닉스,thunder_0661.webp,헬로카봇_드라고닉스,0.8051401376724243,results\ViT_H_14\헬로카봇_드라고닉스_thunder_0661_webp_similarity.png
헬로카봇_드라고닉스,thunder_0784.webp,헬로카봇_드라고닉스,0.7919508218765259,results\ViT_H_14\헬로카봇_드라고닉스_thunder_0784_webp_similarity.png
헬로카봇_드로캅_변신로봇,thunder_0630.webp,헬로카봇_드로캅_변신로봇,0.7997151613235474,results\ViT_H_14\헬로카봇_드로캅_변신로봇_thunder_0630_webp_similarity.png
헬로카봇_드로캅_변신로봇,thunder_1078.webp,헬로카봇_뱅_잭슈트_뱅,0.8033283948898315,results\ViT_H_14\헬로카봇_드로캅_변신로봇_thunder_1078_webp_similarity.png
헬로카봇_드릴버스트,thunder_0070.webp,헬로카봇_드릴버스트,0.8136072158813477,results\ViT_H_14\헬로카봇_드릴버스트_thunder_0070_webp_similarity.png
헬로카봇_드릴버스트,thunder_0102.webp,헬로카봇_드릴버스트,0.7963197827339172,results\ViT_H_14\헬로카봇_드릴버스트_thunder_0102_webp_similarity.png
헬로카봇_라이캅스,thunder_0698.webp,헬로카봇_라이캅스,0.8270746469497681,results\ViT_H_14\헬로카봇_라이캅스_thunder_0698_webp_similarity.png
헬로카봇_라이캅스,thunder_1213.webp,헬로카봇_라이캅스,0.8008706569671631,results\ViT_H_14\헬로카봇_라이캅스_thunder_1213_webp_similarity.png
헬로카봇_럭키펀치,thunder_0108.webp,헬로카봇_럭키펀치,0.8354243636131287,results\ViT_H_14\헬로카봇_럭키펀치_thunder_0108_webp_similarity.png
헬로카봇_럭키펀치,thunder_0981.webp,헬로카봇_럭키펀치,0.7831010818481445,results\ViT_H_14\헬로카봇_럭키펀치_thunder_0981_webp_similarity.png
헬로카봇_럭키펀치,thunder_1322.webp,헬로카봇_럭키펀치,0.8250489234924316,results\ViT_H_14\헬로카봇_럭키펀치_thunder_1322_webp_similarity.png
헬로카봇_레포스,thunder_0477.webp,헬로카봇_레포스,0.8090717196464539,results\ViT_H_14\헬로카봇_레포스_thunder_0477_webp_similarity.png
헬로카봇_로드세이버,thunder_0074.webp,헬로카봇_메가아칸_올스타,0.7868824005126953,results\ViT_H_14\헬로카봇_로드세이버_thunder_0074_webp_similarity.png
헬로카봇_로드세이버,thunder_0167.webp,헬로카봇_메가아칸_올스타,0.7799251079559326,results\ViT_H_14\헬로카봇_로드세이버_thunder_0167_webp_similarity.png
헬로카봇_로드세이버,thunder_0579.webp,헬로카봇_자이언트로더,0.7712681889533997,results\ViT_H_14\헬로카봇_로드세이버_thunder_0579_webp_similarity.png
헬로카봇_로드세이버,thunder_0787.webp,헬로카봇_사파리세이버,0.7865260243415833,results\ViT_H_14\헬로카봇_로드세이버_thunder_0787_webp_similarity.png
헬로카봇_로드세이버,thunder_0845.webp,헬로카봇_로드세이버,0.844597578048706,results\ViT_H_14\헬로카봇_로드세이버_thunder_0845_webp_similarity.png
헬로카봇_로드세이버,thunder_0858.webp,헬로카봇_사파리세이버,0.7770395278930664,results\ViT_H_14\헬로카봇_로드세이버_thunder_0858_webp_similarity.png
헬로카봇_로드세이버,thunder_0962.webp,헬로카봇_사파리세이버,0.7699945569038391,results\ViT_H_14\헬로카봇_로드세이버_thunder_0962_webp_similarity.png
헬로카봇_로드세이버,thunder_1052.webp,헬로카봇_비트런,0.7580453157424927,results\ViT_H_14\헬로카봇_로드세이버_thunder_1052_webp_similarity.png
헬로카봇_로드세이버,thunder_1073.webp,헬로카봇_미니_세이버,0.793473482131958,results\ViT_H_14\헬로카봇_로드세이버_thunder_1073_webp_similarity.png
헬로카봇_로드세이버,thunder_1131.webp,헬로카봇_사파리세이버,0.8045011162757874,results\ViT_H_14\헬로카봇_로드세이버_thunder_1131_webp_similarity.png
헬로카봇_로드세이버,thunder_1195.webp,헬로카봇_사파리세이버,0.7789213061332703,results\ViT_H_14\헬로카봇_로드세이버_thunder_1195_webp_similarity.png
헬로카봇_루크,thunder_0113.webp,헬로카봇_뱅_잭슈트_뱅,0.795315146446228,results\ViT_H_14\헬로카봇_루크_thunder_0113_webp_similarity.png
헬로카봇_루크,thunder_0950.webp,헬로카봇_루크,0.8058159351348877,results\ViT_H_14\헬로카봇_루크_thunder_0950_webp_similarity.png
헬로카봇_루크,thunder_1277.webp,헬로카봇_루크,0.7947298288345337,results\ViT_H_14\헬로카봇_루크_thunder_1277_webp_similarity.png
헬로카봇_루크,thunder_1330.webp,헬로카봇_루크,0.844506025314331,results\ViT_H_14\헬로카봇_루크_thunder_1330_webp_similarity.png
헬로카봇_루크_X,thunder_0353.webp,헬로카봇_루크,0.8178186416625977,results\ViT_H_14\헬로카봇_루크_X_thunder_0353_webp_similarity.png
헬로카봇_마이스터,thunder_1310.webp,헬로카봇_황금특공대_펜타스톰,0.772102415561676,results\ViT_H_14\헬로카봇_마이스터_thunder_1310_webp_similarity.png
헬로카봇_마이티가드,thunder_0117.webp,헬로카봇_마이티가드X,0.8320662975311279,results\ViT_H_14\헬로카봇_마이티가드_thunder_0117_webp_similarity.png
헬로카봇_마이티가드,thunder_0227.webp,헬로카봇_마이티가드X,0.8163031339645386,results\ViT_H_14\헬로카봇_마이티가드_thunder_0227_webp_similarity.png
헬로카봇_마이티가드,thunder_0315.webp,헬로카봇_마이티가드,0.786322832107544,results\ViT_H_14\헬로카봇_마이티가드_thunder_0315_webp_similarity.png
헬로카봇_마이티가드,thunder_0621.webp,헬로카봇_마이티가드X,0.8079379796981812,results\ViT_H_14\헬로카봇_마이티가드_thunder_0621_webp_similarity.png
헬로카봇_마이티가드,thunder_0724.webp,헬로카봇_마이티가드,0.8153615593910217,results\ViT_H_14\헬로카봇_마이티가드_thunder_0724_webp_similarity.png
헬로카봇_마이티가드,thunder_0734.webp,헬로카봇_마이티가드X,0.8311225771903992,results\ViT_H_14\헬로카봇_마이티가드_thunder_0734_webp_similarity.png
헬로카봇_마이티가드,thunder_0888.webp,헬로카봇_마이티가드,0.8367534279823303,results\ViT_H_14\헬로카봇_마이티가드_thunder_0888_webp_similarity.png
헬로카봇_마이티가드,thunder_0970.webp,헬로카봇_마이티가드X,0.8430579900741577,results\ViT_H_14\헬로카봇_마이티가드_thunder_0970_webp_similarity.png
헬로카봇_마이티가드,thunder_1092.webp,헬로카봇_마이티가드,0.8067787885665894,results\ViT_H_14\헬로카봇_마이티가드_thunder_1092_webp_similarity.png
헬로카봇_마이티가드X,thunder_1229.webp,헬로카봇_마이티가드X,0.8510112166404724,results\ViT_H_14\헬로카봇_마이티가드X_thunder_1229_webp_similarity.png
헬로카봇_마이티로,thunder_1096.webp,헬로카봇_마이티로,0.8325057029724121,results\ViT_H_14\헬로카봇_마이티로_thunder_1096_webp_similarity.png
헬로카봇_마하피스,thunder_0081.webp,헬로카봇_마하피스,0.8407430648803711,results\ViT_H_14\헬로카봇_마하피스_thunder_0081_webp_similarity.png
헬로카봇_마하피스,thunder_0103.webp,헬로카봇_마하피스,0.8229824900627136,results\ViT_H_14\헬로카봇_마하피스_thunder_0103_webp_similarity.png
헬로카봇_마하피스,thunder_0194.webp,헬로카봇_마하피스,0.8285404443740845,results\ViT_H_14\헬로카봇_마하피스_thunder_0194_webp_similarity.png
헬로카봇_마하피스,thunder_0469.webp,헬로카봇_마하피스,0.8323591351509094,results\ViT_H_14\헬로카봇_마하피스_thunder_0469_webp_similarity.png
헬로카봇_메가볼드,thunder_0199.webp,헬로카봇_메가볼드,0.8383766412734985,results\ViT_H_14\헬로카봇_메가볼드_thunder_0199_webp_similarity.png
헬로카봇_메가볼드,thunder_0514.webp,헬로카봇_메가볼드,0.8504064083099365,results\ViT_H_14\헬로카봇_메가볼드_thunder_0514_webp_similarity.png
헬로카봇_메가볼드,thunder_0655.webp,헬로카봇_메가볼드,0.8161689639091492,results\ViT_H_14\헬로카봇_메가볼드_thunder_0655_webp_similarity.png
헬로카봇_메가볼드,thunder_0763.webp,헬로카봇_메가볼드,0.8297707438468933,results\ViT_H_14\헬로카봇_메가볼드_thunder_0763_webp_similarity.png
헬로카봇_메가볼드,thunder_0844.webp,헬로카봇_메가볼드,0.831413984298706,results\ViT_H_14\헬로카봇_메가볼드_thunder_0844_webp_similarity.png
헬로카봇_메가볼드,thunder_0866.webp,헬로카봇_메가볼드,0.8569831252098083,results\ViT_H_14\헬로카봇_메가볼드_thunder_0866_webp_similarity.png
헬로카봇_메가볼드,thunder_0885.webp,헬로카봇_메가볼드,0.8370642066001892,results\ViT_H_14\헬로카봇_메가볼드_thunder_0885_webp_similarity.png
헬로카봇_메가볼드,thunder_1027.webp,헬로카봇_메가볼드,0.7829272747039795,results\ViT_H_14\헬로카봇_메가볼드_thunder_1027_webp_similarity.png
헬로카봇_모_반,thunder_0470.webp,헬로카봇_모_반,0.8157861232757568,results\ViT_H_14\헬로카봇_모_반_thunder_0470_webp_similarity.png
헬로카봇_미니_골드렉스,thunder_0109.webp,헬로카봇_미니_골드렉스,0.8054351806640625,results\ViT_H_14\헬로카봇_미니_골드렉스_thunder_0109_webp_similarity.png
헬로카봇_미니_골드렉스,thunder_0435.webp,헬로카봇_미니_골드렉스,0.7699484825134277,results\ViT_H_14\헬로카봇_미니_골드렉스_thunder_0435_webp_similarity.png
헬로카봇_미니_골드렉스,thunder_0561.webp,헬로카봇_골드렉스_레스큐_올스타,0.7420629858970642,results\ViT_H_14\헬로카봇_미니_골드렉스_thunder_0561_webp_similarity.png
헬로카봇_미니_골드렉스,thunder_0817.webp,헬로카봇_미니_골드렉스,0.824587345123291,results\ViT_H_14\헬로카봇_미니_골드렉스_thunder_0817_webp_similarity.png
헬로카봇_미니_골드렉스,thunder_0834.webp,헬로카봇_미니_골드렉스,0.8009390830993652,results\ViT_H_14\헬로카봇_미니_골드렉스_thunder_0834_webp_similarity.png
헬로카봇_미니_댄디_앰뷸런스,thunder_0481.webp,헬로카봇_미니_댄디_앰뷸런스_X,0.8163802623748779,results\ViT_H_14\헬로카봇_미니_댄디_앰뷸런스_thunder_0481_webp_similarity.png
헬로카봇_미니_마이스터,thunder_0170.webp,헬로카봇_미니_마이스터,0.8241055011749268,results\ViT_H_14\헬로카봇_미니_마이스터_thunder_0170_webp_similarity.png
헬로카봇_미니_비트런,thunder_0169.webp,헬로카봇_미니_세이버,0.766310453414917,results\ViT_H_14\헬로카봇_미니_비트런_thunder_0169_webp_similarity.png
헬로카봇_미니_스피너블,thunder_0641.webp,헬로카봇_스피너블,0.7803930044174194,results\ViT_H_14\헬로카봇_미니_스피너블_thunder_0641_webp_similarity.png
헬로카봇_미니_에이스_레스큐_X,thunder_0453.webp,헬로카봇_미니_에이스_레스큐_X,0.816429615020752,results\ViT_H_14\헬로카봇_미니_에이스_레스큐_X_thunder_0453_webp_similarity.png
헬로카봇_미니_오토소닉,thunder_0452.webp,헬로카봇_미니_오토소닉,0.8212534189224243,results\ViT_H_14\헬로카봇_미니_오토소닉_thunder_0452_webp_similarity.png
헬로카봇_미니_프테라쿵,thunder_1113.webp,헬로카봇_프테라쿵_올스타,0.793419361114502,results\ViT_H_14\헬로카봇_미니_프테라쿵_thunder_1113_webp_similarity.png
헬로카봇_미니_호크,thunder_0901.webp,헬로카봇_미니_호크,0.8026278614997864,results\ViT_H_14\헬로카봇_미니_호크_thunder_0901_webp_similarity.png
헬로카봇_미리내프라임_올스타,thunder_0786.webp,헬로카봇_미리내프라임_올스타,0.7532238364219666,results\ViT_H_14\헬로카봇_미리내프라임_올스타_thunder_0786_webp_similarity.png
헬로카봇_뱅_잭슈트_뱅,thunder_0795.webp,헬로카봇_뱅_잭슈트_뱅,0.8678853511810303,results\ViT_H_14\헬로카봇_뱅_잭슈트_뱅_thunder_0795_webp_similarity.png
헬로카봇_버디가드,thunder_0101.webp,헬로카봇_버디가드,0.8269648551940918,results\ViT_H_14\헬로카봇_버디가드_thunder_0101_webp_similarity.png
헬로카봇_버디가드,thunder_0675.webp,헬로카봇_버디가드,0.8216636180877686,results\ViT_H_14\헬로카봇_버디가드_thunder_0675_webp_similarity.png
헬로카봇_베어하이더_변신로봇,thunder_0627.webp,헬로카봇_미니_베어하이더,0.847518801689148,results\ViT_H_14\헬로카봇_베어하이더_변신로봇_thunder_0627_webp_similarity.png
헬로카봇_베어하이더_변신로봇,thunder_1035.webp,헬로카봇_베어하이더_변신로봇,0.8211361169815063,results\ViT_H_14\헬로카봇_베어하이더_변신로봇_thunder_1035_webp_similarity.png
헬로카봇_벨로스터_스카이,thunder_0075.webp,헬로카봇_스카이,0.8409927487373352,results\ViT_H_14\헬로카봇_벨로스터_스카이_thunder_0075_webp_similarity.png
헬로카봇_본,thunder_1127.webp,헬로카봇_미니_본,0.7909586429595947,results\ViT_H_14\헬로카봇_본_thunder_1127_webp_similarity.png
헬로카봇_브레이로드,thunder_0114.webp,헬로카봇_오토소닉,0.8103107810020447,results\ViT_H_14\헬로카봇_브레이로드_thunder_0114_webp_similarity.png
헬로카봇_브레이로드,thunder_0963.webp,헬로카봇_브레이로드,0.8236851692199707,results\ViT_H_14\헬로카봇_브레이로드_thunder_0963_webp_similarity.png
헬로카봇_브레이로드,thunder_1136.webp,헬로카봇_우가바,0.8143566846847534,results\ViT_H_14\헬로카봇_브레이로드_thunder_1136_webp_similarity.png
헬로카봇_브레이로드,thunder_1255.webp,헬로카봇_킹다이저,0.8105757832527161,results\ViT_H_14\헬로카봇_브레이로드_thunder_1255_webp_similarity.png
헬로카봇_브론테로빅쿵_올스타,thunder_0441.webp,헬로카봇_브론테로빅쿵_올스타,0.8106279969215393,results\ViT_H_14\헬로카봇_브론테로빅쿵_올스타_thunder_0441_webp_similarity.png
헬로카봇_비트런,thunder_0105.webp,헬로카봇_비트런,0.863421618938446,results\ViT_H_14\헬로카봇_비트런_thunder_0105_webp_similarity.png
헬로카봇_비트런,thunder_0467.webp,헬로카봇_비트런,0.8266416192054749,results\ViT_H_14\헬로카봇_비트런_thunder_0467_webp_similarity.png
헬로카봇_비트런,thunder_0743.webp,헬로카봇_비트런,0.8498705625534058,results\ViT_H_14\헬로카봇_비트런_thunder_0743_webp_similarity.png
헬로카봇_비트런,thunder_0758.webp,헬로카봇_비트런,0.8249624371528625,results\ViT_H_14\헬로카봇_비트런_thunder_0758_webp_similarity.png
헬로카봇_비트런,thunder_0870.webp,헬로카봇_비트런,0.8131291270256042,results\ViT_H_14\헬로카봇_비트런_thunder_0870_webp_similarity.png
헬로카봇_비트런,thunder_0926.webp,헬로카봇_비트런,0.8842926025390625,results\ViT_H_14\헬로카봇_비트런_thunder_0926_webp_similarity.png
헬로카봇_비트런,thunder_1000.webp,헬로카봇_비트런,0.8579696416854858,results\ViT_H_14\헬로카봇_비트런_thunder_1000_webp_similarity.png
헬로카봇_사파리세이버,thunder_0342.webp,헬로카봇_사파리세이버,0.8093083500862122,results\ViT_H_14\헬로카봇_사파리세이버_thunder_0342_webp_similarity.png
헬로카봇_사파리세이버,thunder_1348.webp,헬로카봇_자이언트로더_올스타,0.784415602684021,results\ViT_H_14\헬로카봇_사파리세이버_thunder_1348_webp_similarity.png
헬로카봇_소나다이버,thunder_0500.webp,헬로카봇_미니_소나다이버,0.7841246128082275,results\ViT_H_14\헬로카봇_소나다이버_thunder_0500_webp_similarity.png
헬로카봇_소나다이버,thunder_0960.webp,헬로카봇_소나다이버,0.7577961087226868,results\ViT_H_14\헬로카봇_소나다이버_thunder_0960_webp_similarity.png
헬로카봇_슈퍼패트론,thunder_0490.webp,헬로카봇_패트론_S,0.7699071168899536,results\ViT_H_14\헬로카봇_슈퍼패트론_thunder_0490_webp_similarity.png
헬로카봇_슈퍼패트론,thunder_1228.webp,헬로카봇_마이티가드X,0.8033533096313477,results\ViT_H_14\헬로카봇_슈퍼패트론_thunder_1228_webp_similarity.png
헬로카봇_슈퍼패트론,thunder_1265.webp,헬로카봇_컨버스터,0.8081125617027283,results\ViT_H_14\헬로카봇_슈퍼패트론_thunder_1265_webp_similarity.png
헬로카봇_슈퍼패트론,thunder_1270.webp,헬로카봇_미니_오토소닉,0.7895380258560181,results\ViT_H_14\헬로카봇_슈퍼패트론_thunder_1270_webp_similarity.png
헬로카봇_슈퍼패트론,thunder_1311.webp,헬로카봇_슈퍼패트론,0.799755871295929,results\ViT_H_14\헬로카봇_슈퍼패트론_thunder_1311_webp_similarity.png
헬로카봇_스카이_스와트_X,thunder_0229.webp,헬로카봇_스카이_스와트_X,0.7854841351509094,results\ViT_H_14\헬로카봇_스카이_스와트_X_thunder_0229_webp_similarity.png
헬로카봇_스카이_스와트_X,thunder_1063.webp,헬로카봇_미니_스카이_스와트,0.8016014695167542,results\ViT_H_14\헬로카봇_스카이_스와트_X_thunder_1063_webp_similarity.png
헬로카봇_스카이거너,thunder_0875.webp,헬로카봇_스카이거너,0.8287681341171265,results\ViT_H_14\헬로카봇_스카이거너_thunder_0875_webp_similarity.png
헬로카봇_스크류붐바_변신로봇,thunder_0674.webp,헬로카봇_스크류붐바_변신로봇,0.8351396322250366,results\ViT_H_14\헬로카봇_스크류붐바_변신로봇_thunder_0674_webp_similarity.png
헬로카봇_스타렉스_댄디,thunder_0210.webp,헬로카봇_스타렉스_댄디,0.8500342965126038,results\ViT_H_14\헬로카봇_스타렉스_댄디_thunder_0210_webp_similarity.png
헬로카봇_스타렉스_댄디,thunder_0468.webp,헬로카봇_스타렉스_댄디,0.8175579309463501,results\ViT_H_14\헬로카봇_스타렉스_댄디_thunder_0468_webp_similarity.png
헬로카봇_스타피너,thunder_0321.webp,헬로카봇_스타피너,0.8464919328689575,results\ViT_H_14\헬로카봇_스타피너_thunder_0321_webp_similarity.png
헬로카봇_스타피너,thunder_0624.webp,헬로카봇_스타피너,0.8270119428634644,results\ViT_H_14\헬로카봇_스타피너_thunder_0624_webp_similarity.png
헬로카봇_스타피너,thunder_0863.webp,헬로카봇_스타피너,0.8056765794754028,results\ViT_H_14\헬로카봇_스타피너_thunder_0863_webp_similarity.png
헬로카봇_스타피너,thunder_1394.webp,헬로카봇_스타피너,0.8546596169471741,results\ViT_H_14\헬로카봇_스타피너_thunder_1394_webp_similarity.png
헬로카봇_스타피너_올스타,thunder_0735.webp,헬로카봇_스타피너_올스타,0.841086745262146,results\ViT_H_14\헬로카봇_스타피너_올스타_thunder_0735_webp_similarity.png
헬로카봇_스톰_X_빅큐브,thunder_0920.webp,헬로카봇_스톰_X_빅큐브,0.8138458728790283,results\ViT_H_14\헬로카봇_스톰_X_빅큐브_thunder_0920_webp_similarity.png
헬로카봇_스피너블,thunder_0150.webp,헬로카봇_스피너블,0.79473876953125,results\ViT_H_14\헬로카봇_스피너블_thunder_0150_webp_similarity.png
헬로카봇_스피너블,thunder_0248.webp,헬로카봇_스피너블,0.7772443294525146,results\ViT_H_14\헬로카봇_스피너블_thunder_0248_webp_similarity.png
헬로카봇_스피너블,thunder_0765.webp,헬로카봇_스피너블,0.795081615447998,results\ViT_H_14\헬로카봇_스피너블_thunder_0765_webp_similarity.png
헬로카봇_스피너블,thunder_0923.webp,헬로카봇_스피너블,0.8228709101676941,results\ViT_H_14\헬로카봇_스피너블_thunder_0923_webp_similarity.png
헬로카봇_스피너블,thunder_1156.webp,헬로카봇_스피너블,0.8084628582000732,results\ViT_H_14\헬로카봇_스피너블_thunder_1156_webp_similarity.png
헬로카봇_스피너블,thunder_1316.webp,헬로카봇_스피너블,0.8308835029602051,results\ViT_H_14\헬로카봇_스피너블_thunder_1316_webp_similarity.png
헬로카봇_아머다이저,thunder_0721.webp,헬로카봇_아머다이저,0.8719321489334106,results\ViT_H_14\헬로카봇_아머다이저_thunder_0721_webp_similarity.png
헬로카봇_아머다이저,thunder_0877.webp,헬로카봇_아머다이저,0.8792006969451904,results\ViT_H_14\헬로카봇_아머다이저_thunder_0877_webp_similarity.png
헬로카봇_아머다이저,thunder_0996.webp,헬로카봇_사파리세이버,0.7664688229560852,results\ViT_H_14\헬로카봇_아머다이저_thunder_0996_webp_similarity.png
헬로카봇_아머다이저,thunder_1006.webp,헬로카봇_아머다이저,0.8909212946891785,results\ViT_H_14\헬로카봇_아머다이저_thunder_1006_webp_similarity.png
헬로카봇_아이누크,thunder_0689.webp,헬로카봇_컨버스터,0.7513942122459412,results\ViT_H_14\헬로카봇_아이누크_thunder_0689_webp_similarity.png
헬로카봇_아이누크,thunder_0802.webp,헬로카봇_아이누크,0.7656583189964294,results\ViT_H_14\헬로카봇_아이누크_thunder_0802_webp_similarity.png
헬로카봇_아이누크_올스타,thunder_0730.webp,헬로카봇_아이누크,0.7233079671859741,results\ViT_H_14\헬로카봇_아이누크_올스타_thunder_0730_webp_similarity.png
헬로카봇_아이언트,thunder_0669.webp,헬로카봇_아이언트_올스타,0.8546038866043091,results\ViT_H_14\헬로카봇_아이언트_thunder_0669_webp_similarity.png
헬로카봇_아이언트,thunder_0670.webp,헬로카봇_아이언트_올스타,0.818459153175354,results\ViT_H_14\헬로카봇_아이언트_thunder_0670_webp_similarity.png
헬로카봇_아티_이순신,thunder_0890.webp,헬로카봇_아티,0.8214535117149353,results\ViT_H_14\헬로카봇_아티_이순신_thunder_0890_webp_similarity.png
헬로카봇_아티_이순신,thunder_1308.webp,헬로카봇_아티,0.831082820892334,results\ViT_H_14\헬로카봇_아티_이순신_thunder_1308_webp_similarity.png
헬로카봇_앵그리퍼프,thunder_0611.webp,헬로카봇_메가볼드,0.7963672876358032,results\ViT_H_14\헬로카봇_앵그리퍼프_thunder_0611_webp_similarity.png
헬로카봇_에반프라임,thunder_1259.webp,헬로카봇_에반프라임,0.7537717819213867,results\ViT_H_14\헬로카봇_에반프라임_thunder_1259_webp_similarity.png
헬로카봇_에이스,thunder_0813.webp,헬로카봇_오토소닉,0.797437310218811,results\ViT_H_14\헬로카봇_에이스_thunder_0813_webp_similarity.png
헬로카봇_에이스,thunder_1037.webp,헬로카봇_오토소닉,0.8213410973548889,results\ViT_H_14\헬로카봇_에이스_thunder_1037_webp_similarity.png
헬로카봇_에이스_레스큐,thunder_0522.webp,헬로카봇_우가바,0.8328607678413391,results\ViT_H_14\헬로카봇_에이스_레스큐_thunder_0522_webp_similarity.png
헬로카봇_에이스_레스큐,thunder_1296.webp,헬로카봇_우가바,0.8511669039726257,results\ViT_H_14\헬로카봇_에이스_레스큐_thunder_1296_webp_similarity.png
헬로카봇_에이스_레스큐_X,thunder_0173.webp의 사본.webp,헬로카봇_에이스_레스큐,0.8369758129119873,results\ViT_H_14\헬로카봇_에이스_레스큐_X_thunder_0173_webp의 사본_webp_similarity.png
헬로카봇_에이스_레스큐_X,thunder_0177.webp,헬로카봇_에이스_레스큐,0.8219903707504272,results\ViT_H_14\헬로카봇_에이스_레스큐_X_thunder_0177_webp_similarity.png
헬로카봇_에이스_레스큐_X,thunder_0897.webp,헬로카봇_에이스_레스큐,0.8446575403213501,results\ViT_H_14\헬로카봇_에이스_레스큐_X_thunder_0897_webp_similarity.png
헬로카봇_에이스_레스큐_X,thunder_1251.webp,헬로카봇_에이스_레스큐_X,0.8464707136154175,results\ViT_H_14\헬로카봇_에이스_레스큐_X_thunder_1251_webp_similarity.png
헬로카봇_오토소닉,thunder_0295.webp,헬로카봇_오토소닉,0.8326675891876221,results\ViT_H_14\헬로카봇_오토소닉_thunder_0295_webp_similarity.png
헬로카봇_오토소닉,thunder_0442.webp,헬로카봇_오토소닉,0.8410952091217041,results\ViT_H_14\헬로카봇_오토소닉_thunder_0442_webp_similarity.png
헬로카봇_오토소닉,thunder_0696.webp,헬로카봇_오토소닉,0.860457181930542,results\ViT_H_14\헬로카봇_오토소닉_thunder_0696_webp_similarity.png
헬로카봇_오토소닉,thunder_0757.webp,헬로카봇_미니_오토소닉,0.8223506212234497,results\ViT_H_14\헬로카봇_오토소닉_thunder_0757_webp_similarity.png
헬로카봇_우가바,thunder_0107.webp,헬로카봇_우가바,0.8860230445861816,results\ViT_H_14\헬로카봇_우가바_thunder_0107_webp_similarity.png
헬로카봇_우가바,thunder_0619.webp,헬로카봇_우가바,0.8280807137489319,results\ViT_H_14\헬로카봇_우가바_thunder_0619_webp_similarity.png
헬로카봇_우가바,thunder_1002.webp,헬로카봇_우가바,0.8378832340240479,results\ViT_H_14\헬로카봇_우가바_thunder_1002_webp_similarity.png
헬로카봇_우가바캡틴,thunder_1026.webp,헬로카봇_우가바캡틴,0.8152115345001221,results\ViT_H_14\헬로카봇_우가바캡틴_thunder_1026_webp_similarity.png
헬로카봇_우가바캡틴,thunder_1118.webp,헬로카봇_우가바캡틴,0.8117250204086304,results\ViT_H_14\헬로카봇_우가바캡틴_thunder_1118_webp_similarity.png
헬로카봇_울티맥스,thunder_0555.webp,헬로카봇_울티맥스_올스타,0.7777915000915527,results\ViT_H_14\헬로카봇_울티맥스_thunder_0555_webp_similarity.png
헬로카봇_윙버드_젬,thunder_0319.webp,헬로카봇_윙버드_젬,0.838466227054596,results\ViT_H_14\헬로카봇_윙버드_젬_thunder_0319_webp_similarity.png
헬로카봇_유니크루저_변신로봇,thunder_0088.webp,헬로카봇_유니크루저_변신로봇,0.8536676168441772,results\ViT_H_14\헬로카봇_유니크루저_변신로봇_thunder_0088_webp_similarity.png
헬로카봇_유니크루저_변신로봇,thunder_0388.webp,헬로카봇_유니크루저_변신로봇,0.7868903279304504,results\ViT_H_14\헬로카봇_유니크루저_변신로봇_thunder_0388_webp_similarity.png
헬로카봇_유니크루저_변신로봇,thunder_0418.webp,헬로카봇_유니크루저_변신로봇,0.8407449722290039,results\ViT_H_14\헬로카봇_유니크루저_변신로봇_thunder_0418_webp_similarity.png
헬로카봇_유니크루저_변신로봇,thunder_0841.webp,헬로카봇_유니크루저_변신로봇,0.8321642279624939,results\ViT_H_14\헬로카봇_유니크루저_변신로봇_thunder_0841_webp_similarity.png
헬로카봇_유니크루저_변신로봇,thunder_1174.webp,헬로카봇_미니_유니크루저,0.8307656049728394,results\ViT_H_14\헬로카봇_유니크루저_변신로봇_thunder_1174_webp_similarity.png
헬로카봇_유니크루저_변신로봇,thunder_1291.webp,헬로카봇_유니크루저_변신로봇,0.823373556137085,results\ViT_H_14\헬로카봇_유니크루저_변신로봇_thunder_1291_webp_similarity.png
헬로카봇_이그리붐_변신로봇,thunder_0430.webp,헬로카봇_에이스_레스큐,0.7990131378173828,results\ViT_H_14\헬로카봇_이그리붐_변신로봇_thunder_0430_webp_similarity.png
헬로카봇_이글하이더_변신로봇,thunder_0461.webp,헬로카봇_이글하이더_변신로봇,0.8384085893630981,results\ViT_H_14\헬로카봇_이글하이더_변신로봇_thunder_0461_webp_similarity.png
헬로카봇_이글하이더_변신로봇,thunder_0613.webp,헬로카봇_이글하이더_변신로봇,0.8189609050750732,results\ViT_H_14\헬로카봇_이글하이더_변신로봇_thunder_0613_webp_similarity.png
헬로카봇_이글하이더_변신로봇,thunder_0884.webp,헬로카봇_이글하이더_변신로봇,0.8185946941375732,results\ViT_H_14\헬로카봇_이글하이더_변신로봇_thunder_0884_webp_similarity.png
헬로카봇_자이언트로더,thunder_0334.webp,헬로카봇_자이언트로더,0.8043329119682312,results\ViT_H_14\헬로카봇_자이언트로더_thunder_0334_webp_similarity.png
헬로카봇_자이언트로더,thunder_0592.webp,헬로카봇_자이언트로더,0.8847910761833191,results\ViT_H_14\헬로카봇_자이언트로더_thunder_0592_webp_similarity.png
헬로카봇_자이언트로더,thunder_0819.webp,헬로카봇_자이언트로더,0.8638935089111328,results\ViT_H_14\헬로카봇_자이언트로더_thunder_0819_webp_similarity.png
헬로카봇_자이언트로더,thunder_1200.webp,헬로카봇_자이언트로더,0.8331832885742188,results\ViT_H_14\헬로카봇_자이언트로더_thunder_1200_webp_similarity.png
헬로카봇_저스포스,thunder_0602.webp,헬로카봇_저스포스,0.8143775463104248,results\ViT_H_14\헬로카봇_저스포스_thunder_0602_webp_similarity.png
헬로카봇_저스포스,thunder_0964.webp,헬로카봇_저스포스,0.8276939988136292,results\ViT_H_14\헬로카봇_저스포스_thunder_0964_webp_similarity.png
헬로카봇_저스포스,thunder_1051.webp,헬로카봇_저스포스,0.8168173432350159,results\ViT_H_14\헬로카봇_저스포스_thunder_1051_webp_similarity.png
헬로카봇_저스포스,thunder_1247.webp,헬로카봇_저스포스,0.8413063883781433,results\ViT_H_14\헬로카봇_저스포스_thunder_1247_webp_similarity.png
헬로카봇_제트렌,thunder_0178.webp,헬로카봇_제트렌,0.863893985748291,results\ViT_H_14\헬로카봇_제트렌_thunder_0178_webp_similarity.png
헬로카봇_제트렌,thunder_0575.webp,헬로카봇_제트렌,0.8294484615325928,results\ViT_H_14\헬로카봇_제트렌_thunder_0575_webp_similarity.png
헬로카봇_제트렌,thunder_0701.webp,헬로카봇_제트렌,0.8470011949539185,results\ViT_H_14\헬로카봇_제트렌_thunder_0701_webp_similarity.png
헬로카봇_제트렌,thunder_1066.webp,헬로카봇_제트렌,0.8328524827957153,results\ViT_H_14\헬로카봇_제트렌_thunder_1066_webp_similarity.png
헬로카봇_제트크루저_변신로봇,thunder_0854.webp,헬로카봇_제트크루저_변신로봇,0.8287454843521118,results\ViT_H_14\헬로카봇_제트크루저_변신로봇_thunder_0854_webp_similarity.png
헬로카봇_제트크루저_변신로봇,thunder_0941.webp,헬로카봇_제트크루저_변신로봇,0.8241759538650513,results\ViT_H_14\헬로카봇_제트크루저_변신로봇_thunder_0941_webp_similarity.png
헬로카봇_제트크루저_변신로봇,thunder_0943.webp,헬로카봇_제트크루저_변신로봇,0.8304089903831482,results\ViT_H_14\헬로카봇_제트크루저_변신로봇_thunder_0943_webp_similarity.png
헬로카봇_제트크루저_변신로봇,thunder_1047.webp,헬로카봇_제트크루저_변신로봇,0.8209006786346436,results\ViT_H_14\헬로카봇_제트크루저_변신로봇_thunder_1047_webp_similarity.png
헬로카봇_카이온프라임,thunder_0785.webp,헬로카봇_미니_티라쿵,0.706469714641571,results\ViT_H_14\헬로카봇_카이온프라임_thunder_0785_webp_similarity.png
헬로카봇_컨버스터,thunder_0148.webp,헬로카봇_컨버스터,0.8503373265266418,results\ViT_H_14\헬로카봇_컨버스터_thunder_0148_webp_similarity.png
헬로카봇_컨버스터,thunder_0825.webp,헬로카봇_컨버스터,0.8316004276275635,results\ViT_H_14\헬로카봇_컨버스터_thunder_0825_webp_similarity.png
헬로카봇_컨버스터,thunder_0994.webp,헬로카봇_컨버스터,0.8621770143508911,results\ViT_H_14\헬로카봇_컨버스터_thunder_0994_webp_similarity.png
헬로카봇_컨버스터,thunder_1146.webp,헬로카봇_컨버스터,0.8596509695053101,results\ViT_H_14\헬로카봇_컨버스터_thunder_1146_webp_similarity.png
헬로카봇_케이캅스,thunder_0018.webp,헬로카봇_케이캅스,0.8533587455749512,results\ViT_H_14\헬로카봇_케이캅스_thunder_0018_webp_similarity.png
헬로카봇_케이캅스,thunder_0119.webp,헬로카봇_케이캅스,0.8654411435127258,results\ViT_H_14\헬로카봇_케이캅스_thunder_0119_webp_similarity.png
헬로카봇_케이캅스,thunder_0162.webp,헬로카봇_케이캅스,0.8567466735839844,results\ViT_H_14\헬로카봇_케이캅스_thunder_0162_webp_similarity.png
헬로카봇_케이캅스,thunder_0171.webp,헬로카봇_케이캅스,0.8076967597007751,results\ViT_H_14\헬로카봇_케이캅스_thunder_0171_webp_similarity.png
헬로카봇_케이캅스,thunder_0191.webp,헬로카봇_케이캅스,0.8215609788894653,results\ViT_H_14\헬로카봇_케이캅스_thunder_0191_webp_similarity.png
헬로카봇_케이캅스,thunder_0304.webp,헬로카봇_케이캅스,0.8170698881149292,results\ViT_H_14\헬로카봇_케이캅스_thunder_0304_webp_similarity.png
헬로카봇_케이캅스,thunder_0837.webp,헬로카봇_케이캅스,0.841320812702179,results\ViT_H_14\헬로카봇_케이캅스_thunder_0837_webp_similarity.png
헬로카봇_케이캅스,thunder_0987.webp,헬로카봇_케이캅스,0.810893177986145,results\ViT_H_14\헬로카봇_케이캅스_thunder_0987_webp_similarity.png
헬로카봇_케이캅스,thunder_1090.webp,헬로카봇_케이캅스,0.8628069162368774,results\ViT_H_14\헬로카봇_케이캅스_thunder_1090_webp_similarity.png
헬로카봇_케이캅스,thunder_1224.webp,헬로카봇_케이캅스,0.8394774198532104,results\ViT_H_14\헬로카봇_케이캅스_thunder_1224_webp_similarity.png
헬로카봇_케이캅스,thunder_1349.webp,헬로카봇_케이캅스,0.8193612694740295,results\ViT_H_14\헬로카봇_케이캅스_thunder_1349_webp_similarity.png
헬로카봇_케이캅스,thunder_1377.webp,헬로카봇_케이캅스,0.8293572664260864,results\ViT_H_14\헬로카봇_케이캅스_thunder_1377_webp_similarity.png
헬로카봇_크랜,thunder_1232.webp,헬로카봇_크랜,0.8368897438049316,results\ViT_H_14\헬로카봇_크랜_thunder_1232_webp_similarity.png
헬로카봇_크랜,thunder_1400.webp,헬로카봇_크랜,0.856609582901001,results\ViT_H_14\헬로카봇_크랜_thunder_1400_webp_similarity.png
헬로카봇_킹가이더_변신로봇,thunder_0720.webp,헬로카봇_메가아칸_올스타,0.7914940714836121,results\ViT_H_14\헬로카봇_킹가이더_변신로봇_thunder_0720_webp_similarity.png
헬로카봇_킹가이더_변신로봇,thunder_0820.webp,헬로카봇_사파리세이버,0.8267149925231934,results\ViT_H_14\헬로카봇_킹가이더_변신로봇_thunder_0820_webp_similarity.png
헬로카봇_킹가이더_변신로봇,thunder_1192.webp,헬로카봇_미니_세이버,0.7655218839645386,results\ViT_H_14\헬로카봇_킹가이더_변신로봇_thunder_1192_webp_similarity.png
헬로카봇_킹가이더_변신로봇,thunder_1267.webp,헬로카봇_로드세이버,0.7970123291015625,results\ViT_H_14\헬로카봇_킹가이더_변신로봇_thunder_1267_webp_similarity.png
헬로카봇_킹가이즈,thunder_0106.webp,헬로카봇_킹가이즈,0.8109622001647949,results\ViT_H_14\헬로카봇_킹가이즈_thunder_0106_webp_similarity.png
헬로카봇_킹가이즈,thunder_0196.webp,헬로카봇_킹가이즈,0.798367977142334,results\ViT_H_14\헬로카봇_킹가이즈_thunder_0196_webp_similarity.png
헬로카봇_킹가이즈,thunder_0314.webp,헬로카봇_컨버스터,0.8043959140777588,results\ViT_H_14\헬로카봇_킹가이즈_thunder_0314_webp_similarity.png
헬로카봇_킹가이즈,thunder_0427.webp,헬로카봇_컨버스터,0.8043238520622253,results\ViT_H_14\헬로카봇_킹가이즈_thunder_0427_webp_similarity.png
헬로카봇_킹가이즈,thunder_0494.webp,헬로카봇_고람빅쿵_올스타,0.7740982174873352,results\ViT_H_14\헬로카봇_킹가이즈_thunder_0494_webp_similarity.png
헬로카봇_킹가이즈,thunder_0509.webp,헬로카봇_킹가이즈,0.8281612992286682,results\ViT_H_14\헬로카봇_킹가이즈_thunder_0509_webp_similarity.png
헬로카봇_킹가이즈,thunder_0540.webp,헬로카봇_컨버스터,0.8043238520622253,results\ViT_H_14\헬로카봇_킹가이즈_thunder_0540_webp_similarity.png
헬로카봇_킹가이즈,thunder_0773.webp,헬로카봇_미니_오토소닉,0.8064864873886108,results\ViT_H_14\헬로카봇_킹가이즈_thunder_0773_webp_similarity.png
헬로카봇_킹가이즈,thunder_0860.webp,헬로카봇_컨버스터,0.7854857444763184,results\ViT_H_14\헬로카봇_킹가이즈_thunder_0860_webp_similarity.png
헬로카봇_킹가이즈,thunder_0969.webp,헬로카봇_킹가이즈,0.8124479651451111,results\ViT_H_14\헬로카봇_킹가이즈_thunder_0969_webp_similarity.png
헬로카봇_킹가이즈,thunder_1001.webp,헬로카봇_킹가이즈,0.8091351985931396,results\ViT_H_14\헬로카봇_킹가이즈_thunder_1001_webp_similarity.png
헬로카봇_킹가이즈,thunder_1008.webp,헬로카봇_킹가이즈,0.7985357642173767,results\ViT_H_14\헬로카봇_킹가이즈_thunder_1008_webp_similarity.png
헬로카봇_킹가이즈,thunder_1076.webp,헬로카봇_컨버스터,0.7974139451980591,results\ViT_H_14\헬로카봇_킹가이즈_thunder_1076_webp_similarity.png
헬로카봇_킹가이즈,thunder_1117.webp,헬로카봇_티라쿵_올스타,0.7850205898284912,results\ViT_H_14\헬로카봇_킹가이즈_thunder_1117_webp_similarity.png
헬로카봇_킹가이즈,thunder_1378.webp,헬로카봇_킹가이즈,0.8311365842819214,results\ViT_H_14\헬로카봇_킹가이즈_thunder_1378_webp_similarity.png
헬로카봇_킹가이즈X,thunder_0815.webp,헬로카봇_킹가이즈X,0.8230568766593933,results\ViT_H_14\헬로카봇_킹가이즈X_thunder_0815_webp_similarity.png
헬로카봇_킹가이즈X,thunder_1194.webp,헬로카봇_킹가이즈X,0.8203084468841553,results\ViT_H_14\헬로카봇_킹가이즈X_thunder_1194_webp_similarity.png
헬로카봇_킹다이저,thunder_0513.webp,헬로카봇_아머다이저,0.8274427652359009,results\ViT_H_14\헬로카봇_킹다이저_thunder_0513_webp_similarity.png
헬로카봇_킹다이저,thunder_0955.webp,헬로카봇_킹다이저,0.7958749532699585,results\ViT_H_14\헬로카봇_킹다이저_thunder_0955_webp_similarity.png
헬로카봇_킹다이저,thunder_0973.webp,헬로카봇_아머다이저,0.8258163928985596,results\ViT_H_14\헬로카봇_킹다이저_thunder_0973_webp_similarity.png
헬로카봇_킹다이저,thunder_0983.webp,헬로카봇_아머다이저,0.8229328989982605,results\ViT_H_14\헬로카봇_킹다이저_thunder_0983_webp_similarity.png
헬로카봇_테고,thunder_0440.webp,헬로카봇_테고,0.7980106472969055,results\ViT_H_14\헬로카봇_테고_thunder_0440_webp_similarity.png
헬로카봇_테고,thunder_0603.webp,헬로카봇_테고,0.7967976927757263,results\ViT_H_14\헬로카봇_테고_thunder_0603_webp_similarity.png
헬로카봇_테라제트,thunder_0625.webp,헬로카봇_테라제트,0.8178619742393494,results\ViT_H_14\헬로카봇_테라제트_thunder_0625_webp_similarity.png
헬로카봇_테크노마스터,thunder_0545.webp,헬로카봇_테크노마스터,0.7958508133888245,results\ViT_H_14\헬로카봇_테크노마스터_thunder_0545_webp_similarity.png
헬로카봇_테크노마스터,thunder_0944.webp,헬로카봇_테크노마스터,0.8460057377815247,results\ViT_H_14\헬로카봇_테크노마스터_thunder_0944_webp_similarity.png
헬로카봇_테크노마스터,thunder_0985.webp,헬로카봇_테크노마스터,0.8664944767951965,results\ViT_H_14\헬로카봇_테크노마스터_thunder_0985_webp_similarity.png
헬로카봇_테크노마스터,thunder_1050.webp,헬로카봇_테크노마스터,0.8180676698684692,results\ViT_H_14\헬로카봇_테크노마스터_thunder_1050_webp_similarity.png
헬로카봇_테크노마스터,thunder_1295.webp,헬로카봇_테크노마스터,0.8529890179634094,results\ViT_H_14\헬로카봇_테크노마스터_thunder_1295_webp_similarity.png
헬로카봇_트리톤,thunder_0174.webp,헬로카봇_트리톤,0.7769760489463806,results\ViT_H_14\헬로카봇_트리톤_thunder_0174_webp_similarity.png
헬로카봇_트리톤,thunder_0626.webp,헬로카봇_트리톤,0.7999982833862305,results\ViT_H_14\헬로카봇_트리톤_thunder_0626_webp_similarity.png
헬로카봇_트리톤,thunder_0986.webp,헬로카봇_트리톤,0.7789011001586914,results\ViT_H_14\헬로카봇_트리톤_thunder_0986_webp_similarity.png
헬로카봇_티라쿵_올스타,thunder_0759.webp,헬로카봇_티라쿵_올스타,0.8063919544219971,results\ViT_H_14\헬로카봇_티라쿵_올스타_thunder_0759_webp_similarity.png
헬로카봇_티라클레스,thunder_1074.webp,헬로카봇_티라클레스,0.8266270160675049,results\ViT_H_14\헬로카봇_티라클레스_thunder_1074_webp_similarity.png
헬로카봇_티라클레스,thunder_1389.webp,헬로카봇_티라클레스,0.8568547368049622,results\ViT_H_14\헬로카봇_티라클레스_thunder_1389_webp_similarity.png
헬로카봇_파워붐바_변신로봇,thunder_0566.webp,헬로카봇_비트런,0.806082546710968,results\ViT_H_14\헬로카봇_파워붐바_변신로봇_thunder_0566_webp_similarity.png
헬로카봇_파워붐바_변신로봇,thunder_0995.webp,헬로카봇_비트런,0.8115841150283813,results\ViT_H_14\헬로카봇_파워붐바_변신로봇_thunder_0995_webp_similarity.png
헬로카봇_파이언트,thunder_0312.webp,헬로카봇_컨버스터,0.7546563744544983,results\ViT_H_14\헬로카봇_파이언트_thunder_0312_webp_similarity.png
헬로카봇_파이언트,thunder_0896.webp,헬로카봇_우가바,0.7735795974731445,results\ViT_H_14\헬로카봇_파이언트_thunder_0896_webp_similarity.png
헬로카봇_펀치마스터,thunder_1196.webp,헬로카봇_미니_세이버,0.7873144745826721,results\ViT_H_14\헬로카봇_펀치마스터_thunder_1196_webp_similarity.png
헬로카봇_페이저,thunder_1391.webp,헬로카봇_록캔_변신로봇,0.8065133094787598,results\ViT_H_14\헬로카봇_페이저_thunder_1391_webp_similarity.png
헬로카봇_펜타스톰,thunder_0576.webp,헬로카봇_펜타스톰,0.8064107894897461,results\ViT_H_14\헬로카봇_펜타스톰_thunder_0576_webp_similarity.png
헬로카봇_펜타스톰,thunder_1212.webp,헬로카봇_황금특공대_펜타스톰,0.8056743144989014,results\ViT_H_14\헬로카봇_펜타스톰_thunder_1212_webp_similarity.png
헬로카봇_펜타스톰,thunder_1231.webp,헬로카봇_펜타스톰_X_빅큐브,0.8041784167289734,results\ViT_H_14\헬로카봇_펜타스톰_thunder_1231_webp_similarity.png
헬로카봇_펜타스톰_X,thunder_0842.webp,헬로카봇_펜타스톰_X,0.8449310064315796,results\ViT_H_14\헬로카봇_펜타스톰_X_thunder_0842_webp_similarity.png
헬로카봇_펜타스톰_X,thunder_0992.webp,헬로카봇_펜타스톰_X,0.8309550285339355,results\ViT_H_14\헬로카봇_펜타스톰_X_thunder_0992_webp_similarity.png
헬로카봇_펜타스톰_X,thunder_1133.webp,헬로카봇_펜타스톰_X_빅큐브,0.8042016625404358,results\ViT_H_14\헬로카봇_펜타스톰_X_thunder_1133_webp_similarity.png
헬로카봇_펜타스톰_X,thunder_1248.webp,헬로카봇_펜타스톰_X,0.8817699551582336,results\ViT_H_14\헬로카봇_펜타스톰_X_thunder_1248_webp_similarity.png
헬로카봇_펜타스톰_X,thunder_1374.webp,헬로카봇_펜타스톰_X,0.8531351089477539,results\ViT_H_14\헬로카봇_펜타스톰_X_thunder_1374_webp_similarity.png
헬로카봇_펜타스톰_X_라이프_캐논_모드,thunder_1362.webp,헬로카봇_펜타스톰_X_빅큐브,0.8219423294067383,results\ViT_H_14\헬로카봇_펜타스톰_X_라이프_캐논_모드_thunder_1362_webp_similarity.png
헬로카봇_펜타스톰_X_빅큐브,thunder_0190.webp,헬로카봇_펜타스톰_X,0.883592426776886,results\ViT_H_14\헬로카봇_펜타스톰_X_빅큐브_thunder_0190_webp_similarity.png
헬로카봇_펜타스톰_X_빅큐브,thunder_1345.webp,헬로카봇_펜타스톰_X_빅큐브,0.8209153413772583,results\ViT_H_14\헬로카봇_펜타스톰_X_빅큐브_thunder_1345_webp_similarity.png
헬로카봇_폰,thunder_0482.webp의 사본.webp,헬로카봇_오토소닉,0.7961617708206177,results\ViT_H_14\헬로카봇_폰_thunder_0482_webp의 사본_webp_similarity.png
헬로카봇_폰,thunder_0654.webp,헬로카봇_우가바,0.8144323229789734,results\ViT_H_14\헬로카봇_폰_thunder_0654_webp_similarity.png
헬로카봇_프라우드제트,thunder_0073.webp,헬로카봇_프라우드제트,0.822899341583252,results\ViT_H_14\헬로카봇_프라우드제트_thunder_0073_webp_similarity.png
헬로카봇_프라우드제트,thunder_0123.webp,헬로카봇_프라우드제트,0.8052309155464172,results\ViT_H_14\헬로카봇_프라우드제트_thunder_0123_webp_similarity.png
헬로카봇_프라우드제트,thunder_0521.webp,헬로카봇_프라우드제트,0.8188196420669556,results\ViT_H_14\헬로카봇_프라우드제트_thunder_0521_webp_similarity.png
헬로카봇_프라우드제트,thunder_0719.webp,헬로카봇_프라우드제트,0.8349496722221375,results\ViT_H_14\헬로카봇_프라우드제트_thunder_0719_webp_similarity.png
헬로카봇_프라우드제트,thunder_0878.webp,헬로카봇_우가바,0.8393152952194214,results\ViT_H_14\헬로카봇_프라우드제트_thunder_0878_webp_similarity.png
헬로카봇_프라우드제트,thunder_1079.webp,헬로카봇_미니_오토소닉,0.7940480709075928,results\ViT_H_14\헬로카봇_프라우드제트_thunder_1079_webp_similarity.png
헬로카봇_프론_경찰차_올스타,thunder_0439.webp,헬로카봇_아이언트_올스타,0.7630392909049988,results\ViT_H_14\헬로카봇_프론_경찰차_올스타_thunder_0439_webp_similarity.png
헬로카봇_프론_폴리스_X,thunder_1356.webp,헬로카봇_뱅_잭슈트_뱅,0.7853556871414185,results\ViT_H_14\헬로카봇_프론_폴리스_X_thunder_1356_webp_similarity.png
헬로카봇_프론경찰차,thunder_1216.webp,헬로카봇_미니_세이버,0.783186674118042,results\ViT_H_14\헬로카봇_프론경찰차_thunder_1216_webp_similarity.png
헬로카봇_프테라드롭쿵,thunder_0945.webp,헬로카봇_메가아칸_올스타,0.7333036661148071,results\ViT_H_14\헬로카봇_프테라드롭쿵_thunder_0945_webp_similarity.png
헬로카봇_하이퍼빌디언,thunder_0221.webp,헬로카봇_하이퍼빌디언,0.8566860556602478,results\ViT_H_14\헬로카봇_하이퍼빌디언_thunder_0221_webp_similarity.png
헬로카봇_하이퍼빌디언,thunder_0393.webp,헬로카봇_하이퍼빌디언,0.8306536674499512,results\ViT_H_14\헬로카봇_하이퍼빌디언_thunder_0393_webp_similarity.png
헬로카봇_하이퍼빌디언,thunder_0515.webp,헬로카봇_하이퍼빌디언,0.8314290642738342,results\ViT_H_14\헬로카봇_하이퍼빌디언_thunder_0515_webp_similarity.png
헬로카봇_하이퍼빌디언,thunder_0571.webp,헬로카봇_하이퍼빌디언,0.8611663579940796,results\ViT_H_14\헬로카봇_하이퍼빌디언_thunder_0571_webp_similarity.png
헬로카봇_하이퍼빌디언,thunder_0622.webp,헬로카봇_하이퍼빌디언,0.8492156267166138,results\ViT_H_14\헬로카봇_하이퍼빌디언_thunder_0622_webp_similarity.png
헬로카봇_하이퍼빌디언,thunder_1028.webp,헬로카봇_하이퍼빌디언,0.8112346529960632,results\ViT_H_14\헬로카봇_하이퍼빌디언_thunder_1028_webp_similarity.png
헬로카봇_하이퍼빌디언,thunder_1062.webp,헬로카봇_하이퍼빌디언,0.8390091061592102,results\ViT_H_14\헬로카봇_하이퍼빌디언_thunder_1062_webp_similarity.png
헬로카봇_하이퍼빌디언,thunder_1093.webp,헬로카봇_하이퍼빌디언,0.795142412185669,results\ViT_H_14\헬로카봇_하이퍼빌디언_thunder_1093_webp_similarity.png
헬로카봇_하이퍼캅스_변신로봇,thunder_0489.webp,헬로카봇_하이퍼캅스_변신로봇,0.8133946657180786,results\ViT_H_14\헬로카봇_하이퍼캅스_변신로봇_thunder_0489_webp_similarity.png
헬로카봇_호크X_빅큐브,thunder_0856.webp,헬로카봇_호크X_빅큐브,0.8125596046447754,results\ViT_H_14\헬로카봇_호크X_빅큐브_thunder_0856_webp_similarity.png
헬로카봇_호프_타이거,thunder_0021.webp,헬로카봇_호프_타이거,0.8008223176002502,results\ViT_H_14\헬로카봇_호프_타이거_thunder_0021_webp_similarity.png
헬로카봇_호프_타이거,thunder_1208.webp,헬로카봇_호프_타이거,0.8410195112228394,results\ViT_H_14\헬로카봇_호프_타이거_thunder_1208_webp_similarity.png
헬로카봇_황금특공대_유니크루저,thunder_1305.webp,헬로카봇_황금특공대_유니크루저,0.8134658932685852,results\ViT_H_14\헬로카봇_황금특공대_유니크루저_thunder_1305_webp_similarity.png
헬로카봇_황금특공대_파워크루저,thunder_0975.webp,헬로카봇_황금특공대_제트크루저,0.7543028593063354,results\ViT_H_14\헬로카봇_황금특공대_파워크루저_thunder_0975_webp_similarity.png
헬로카봇_황금특공대_펜타스톰,thunder_0766.webp,헬로카봇_황금특공대_펜타스톰,0.8886165618896484,results\ViT_H_14\헬로카봇_황금특공대_펜타스톰_thunder_0766_webp_similarity.png
헬로카봇_황금특공대_펜타스톰,thunder_1206.webp,헬로카봇_황금특공대_펜타스톰,0.8512619733810425,results\ViT_H_14\헬로카봇_황금특공대_펜타스톰_thunder_1206_webp_similarity.png
헬로카봇_황금특공대_펜타스톰,thunder_1250.webp,헬로카봇_황금특공대_펜타스톰,0.8792275190353394,results\ViT_H_14\헬로카봇_황금특공대_펜타스톰_thunder_1250_webp_similarity.png
헬로카봇_황금특공대_펜타스톰,thunder_1338.webp,헬로카봇_황금특공대_펜타스톰,0.7576431035995483,results\ViT_H_14\헬로카봇_황금특공대_펜타스톰_thunder_1338_webp_similarity.png
